timestamp,ip_address,event_type,severity,status
2026-06-19T12:01:51Z,9.100.103.196,malware_detected,high,failure
2026-06-20T06:07:19Z,216.2.184.108,malware_detected,high,failure
2026-06-19T17:01:00Z,154.255.207.211,failed_login,medium,failure
2026-06-19T14:03:04Z,127.149.167.9,failed_login,medium,failure
2026-06-20T01:29:17Z,20.140.213.201,logout,low,success
2026-06-19T20:12:25Z,216.62.162.54,failed_login,medium,failure
2026-06-19T21:49:24Z,142.107.80.45,attack,high,failure
2026-06-20T09:44:28Z,11.24.14.21,login,low,success
2026-06-20T06:23:39Z,60.33.242.159,attack,high,failure
2026-06-19T19:45:36Z,78.116.202.107,attack,high,failure
2026-06-20T01:58:31Z,227.21.190.83,failed_login,medium,failure
2026-06-19T13:26:12Z,122.153.176.166,attack,high,failure
2026-06-19T11:03:19Z,206.133.152.197,port_scan,medium,failure
2026-06-19T17:18:43Z,233.32.171.64,attack,high,failure
2026-06-19T13:06:55Z,140.144.171.187,login,low,success
2026-06-19T16:33:40Z,12.227.71.95,malware_detected,high,failure
2026-06-19T21:13:21Z,171.129.89.114,file_access,low,success
2026-06-19T14:32:23Z,65.13.156.240,file_access,low,success
2026-06-20T07:18:09Z,12.32.237.237,logout,low,success
2026-06-19T22:29:19Z,39.95.108.113,logout,low,success
2026-06-20T06:45:04Z,147.200.210.250,logout,low,success
2026-06-20T10:02:36Z,210.14.91.229,file_access,low,success
2026-06-20T06:48:05Z,237.97.165.154,failed_login,medium,failure
2026-06-19T15:56:01Z,38.31.149.63,logout,low,success
2026-06-20T00:40:00Z,36.68.116.159,logout,low,success
2026-06-20T10:28:16Z,66.193.62.146,file_access,low,success
2026-06-19T14:42:32Z,103.92.236.76,failed_login,medium,failure
2026-06-19T21:19:28Z,240.115.184.147,port_scan,medium,failure
2026-06-19T18:54:34Z,15.63.32.23,port_scan,medium,failure
2026-06-20T10:22:25Z,126.88.102.138,failed_login,medium,failure
2026-06-20T03:49:00Z,162.118.138.181,attack,high,failure
2026-06-20T08:01:47Z,172.13.87.254,failed_login,medium,failure
2026-06-19T16:12:13Z,248.233.99.233,logout,low,success
2026-06-20T09:39:05Z,46.15.197.124,attack,high,failure
2026-06-19T13:13:27Z,195.186.115.23,login,low,success
2026-06-20T00:21:46Z,168.255.108.111,file_access,low,success
2026-06-19T23:07:45Z,153.184.32.236,failed_login,medium,failure
2026-06-19T21:02:40Z,77.38.116.196,file_access,low,success
2026-06-19T19:51:21Z,233.236.239.165,file_access,low,success
2026-06-20T05:27:05Z,210.191.69.58,malware_detected,high,failure
2026-06-19T18:13:09Z,216.17.41.60,malware_detected,high,failure
2026-06-20T08:12:40Z,138.79.202.149,attack,high,failure
2026-06-19T11:28:49Z,224.114.80.29,failed_login,medium,failure
2026-06-20T04:56:29Z,198.163.231.224,logout,low,success
2026-06-19T14:03:39Z,122.65.212.82,malware_detected,high,failure
2026-06-20T07:40:15Z,224.16.185.169,port_scan,medium,failure
2026-06-19T15:00:39Z,185.216.122.68,failed_login,medium,failure
2026-06-20T07:49:22Z,49.233.56.75,file_access,low,success
2026-06-20T06:21:46Z,18.85.89.243,port_scan,medium,failure
2026-06-20T01:02:00Z,197.99.92.93,port_scan,medium,failure
2026-06-19T22:45:29Z,236.18.209.177,file_access,low,success
2026-06-20T05:56:23Z,219.121.64.60,malware_detected,high,failure
2026-06-20T00:39:41Z,36.31.83.207,attack,high,failure
2026-06-20T03:18:53Z,173.140.92.109,port_scan,medium,failure
2026-06-20T05:40:29Z,123.157.31.157,attack,high,failure
2026-06-20T10:02:19Z,123.213.205.217,logout,low,success
2026-06-19T18:02:07Z,71.41.104.141,logout,low,success
2026-06-19T19:45:50Z,2.228.178.54,attack,high,failure
2026-06-20T05:02:59Z,106.71.255.226,malware_detected,high,failure
2026-06-19T22:02:06Z,33.185.28.31,logout,low,success
2026-06-20T09:38:59Z,90.71.74.81,failed_login,medium,failure
2026-06-20T10:04:39Z,31.210.249.141,failed_login,medium,failure
2026-06-19T13:30:06Z,113.124.59.103,login,low,success
2026-06-19T19:03:29Z,229.206.110.113,file_access,low,success
2026-06-19T22:33:02Z,165.114.103.61,logout,low,success
2026-06-19T19:20:27Z,207.234.128.105,login,low,success
2026-06-20T06:37:18Z,113.135.10.218,attack,high,failure
2026-06-19T16:22:31Z,204.14.156.215,attack,high,failure
2026-06-20T02:17:44Z,96.190.136.29,attack,high,failure
2026-06-19T10:45:37Z,1.160.185.170,port_scan,medium,failure
2026-06-19T23:57:33Z,176.18.228.139,failed_login,medium,failure
2026-06-20T08:11:15Z,142.97.83.80,malware_detected,high,failure
2026-06-20T07:32:05Z,186.198.53.17,logout,low,success
2026-06-19T16:01:13Z,66.7.234.7,malware_detected,high,failure
2026-06-20T00:20:34Z,198.223.143.194,file_access,low,success
2026-06-19T12:44:52Z,176.169.23.200,file_access,low,success
2026-06-19T19:45:08Z,232.1.55.236,logout,low,success
2026-06-20T06:49:13Z,243.249.228.91,malware_detected,high,failure
2026-06-19T18:01:40Z,230.142.24.187,login,low,success
2026-06-19T23:29:45Z,154.51.120.208,failed_login,medium,failure
2026-06-19T11:05:28Z,6.225.238.66,attack,high,failure
2026-06-19T23:52:46Z,186.111.216.191,malware_detected,high,failure
2026-06-19T23:17:23Z,66.145.63.126,malware_detected,high,failure
2026-06-20T09:34:54Z,98.224.220.104,logout,low,success
2026-06-19T11:13:05Z,21.165.51.21,file_access,low,success
2026-06-20T06:35:17Z,217.253.78.103,attack,high,failure
2026-06-19T13:38:23Z,215.202.223.163,login,low,success
2026-06-19T19:19:59Z,70.74.181.101,malware_detected,high,failure
2026-06-19T18:47:46Z,114.121.21.73,failed_login,medium,failure
2026-06-20T07:36:04Z,100.252.254.98,file_access,low,success
2026-06-19T16:54:16Z,123.201.135.8,login,low,success
2026-06-19T15:33:25Z,182.236.237.139,failed_login,medium,failure
2026-06-19T14:32:27Z,212.229.252.216,file_access,low,success
2026-06-20T06:21:41Z,62.119.180.255,port_scan,medium,failure
2026-06-19T18:38:45Z,253.88.60.205,port_scan,medium,failure
2026-06-19T11:02:07Z,192.228.47.14,port_scan,medium,failure
2026-06-20T03:46:54Z,208.154.55.181,logout,low,success
2026-06-19T21:17:15Z,72.195.196.18,file_access,low,success
2026-06-19T19:41:45Z,86.235.226.172,port_scan,medium,failure
2026-06-20T02:13:59Z,12.15.102.139,login,low,success
2026-06-19T16:01:34Z,151.196.165.45,logout,low,success
2026-06-20T05:17:28Z,68.227.159.217,failed_login,medium,failure
2026-06-20T09:57:02Z,208.65.17.10,login,low,success
2026-06-20T00:46:48Z,83.62.4.115,malware_detected,high,failure
2026-06-19T23:23:15Z,162.236.116.230,port_scan,medium,failure
2026-06-19T23:12:07Z,66.246.136.93,login,low,success
2026-06-20T01:31:20Z,129.17.49.140,logout,low,success
2026-06-20T08:10:48Z,216.160.255.54,failed_login,medium,failure
2026-06-20T04:51:00Z,224.113.9.52,failed_login,medium,failure
2026-06-19T19:49:35Z,108.221.142.83,failed_login,medium,failure
2026-06-20T04:00:34Z,20.241.59.6,file_access,low,success
2026-06-20T04:24:11Z,61.133.248.78,login,low,success
2026-06-20T07:04:58Z,70.14.116.65,login,low,success
2026-06-20T01:40:59Z,94.6.222.223,failed_login,medium,failure
2026-06-20T09:55:05Z,134.245.129.99,file_access,low,success
2026-06-20T00:12:32Z,228.188.134.24,port_scan,medium,failure
2026-06-19T21:50:16Z,146.152.173.35,failed_login,medium,failure
2026-06-20T01:18:40Z,30.181.73.31,port_scan,medium,failure
2026-06-19T14:22:32Z,157.220.216.115,port_scan,medium,failure
2026-06-19T11:54:10Z,26.28.126.195,port_scan,medium,failure
2026-06-20T03:28:43Z,169.141.8.87,failed_login,medium,failure
2026-06-20T00:59:18Z,21.238.214.213,port_scan,medium,failure
2026-06-20T03:16:28Z,194.127.152.20,login,low,success
2026-06-20T05:46:11Z,22.190.228.31,logout,low,success
2026-06-20T03:10:51Z,231.19.212.125,logout,low,success
2026-06-19T11:13:31Z,107.162.29.131,file_access,low,success
2026-06-20T03:57:32Z,163.152.37.219,port_scan,medium,failure
2026-06-20T10:11:46Z,93.174.236.3,login,low,success
2026-06-20T01:36:35Z,31.72.241.185,login,low,success
2026-06-19T13:26:15Z,70.107.20.134,failed_login,medium,failure
2026-06-20T05:47:33Z,29.115.224.14,port_scan,medium,failure
2026-06-19T14:25:43Z,158.50.26.173,logout,low,success
2026-06-19T15:35:51Z,30.149.165.36,attack,high,failure
2026-06-19T21:46:42Z,115.233.18.174,failed_login,medium,failure
2026-06-19T10:51:49Z,112.186.97.146,attack,high,failure
2026-06-20T06:25:34Z,193.35.14.39,logout,low,success
2026-06-19T14:04:16Z,127.123.179.11,logout,low,success
2026-06-20T08:11:00Z,247.214.172.157,port_scan,medium,failure
2026-06-19T12:10:21Z,211.26.150.59,login,low,success
2026-06-20T08:10:40Z,27.147.189.33,attack,high,failure
2026-06-20T08:26:40Z,11.119.155.41,attack,high,failure
2026-06-20T08:55:08Z,150.200.160.122,attack,high,failure
2026-06-20T02:17:42Z,39.16.37.144,file_access,low,success
2026-06-20T10:10:03Z,112.103.223.67,attack,high,failure
2026-06-20T07:52:03Z,123.245.166.125,failed_login,medium,failure
2026-06-20T10:06:13Z,20.134.97.202,login,low,success
2026-06-19T15:22:35Z,53.155.119.201,attack,high,failure
2026-06-20T04:22:14Z,157.175.154.214,port_scan,medium,failure
2026-06-19T13:55:53Z,21.33.45.146,failed_login,medium,failure
2026-06-19T14:27:47Z,51.121.127.202,login,low,success
2026-06-20T08:47:45Z,143.172.205.98,logout,low,success
2026-06-20T00:33:04Z,37.56.104.165,malware_detected,high,failure
2026-06-19T13:40:58Z,224.181.4.195,file_access,low,success
2026-06-19T13:12:17Z,153.105.35.226,logout,low,success
2026-06-19T16:55:54Z,117.52.96.233,file_access,low,success
2026-06-20T06:24:55Z,85.104.10.221,logout,low,success
2026-06-19T18:58:18Z,132.114.150.254,file_access,low,success
2026-06-20T09:42:07Z,112.97.118.227,login,low,success
2026-06-20T05:58:17Z,153.97.232.207,attack,high,failure
2026-06-19T23:28:31Z,192.142.234.125,file_access,low,success
